otemp,humidity,wind,thermostat,tempA
14.749000000000024,0.85,5.556,26.0,13.21
14.778999999999996,0.85,5.556,26.0,13.224
14.809000000000026,0.85,5.556,26.0,13.238
14.838999999999999,0.85,5.556,26.0,13.251
14.869000000000028,0.85,5.556,26.0,13.265
14.899000000000001,0.85,5.556,26.0,13.279
14.92900000000003,0.85,5.556,26.0,13.293
14.959000000000003,0.85,5.556,26.0,13.307
14.990000000000009,0.85,5.556,26.0,13.321
15.020000000000039,0.85,5.556,26.0,13.336
15.050000000000011,0.85,5.556,26.0,13.35
15.080000000000041,0.85,5.556,26.0,13.365
15.110000000000014,0.85,5.556,26.0,13.38
15.140000000000043,0.85,5.556,26.0,13.395
15.170000000000016,0.85,5.556,26.0,13.41
15.200000000000045,0.85,5.556,26.0,13.425
15.230000000000018,0.85,5.556,26.0,13.441
15.260000000000048,0.85,5.556,26.0,13.456
15.29000000000002,0.85,5.556,26.0,13.472
15.32000000000005,0.85,5.556,26.0,13.488
15.350000000000023,0.85,5.556,26.0,13.503
15.379000000000019,0.85,5.556,26.0,13.519
15.409000000000049,0.85,5.556,26.0,13.535
15.439000000000021,0.85,5.556,26.0,13.552
15.469000000000051,0.85,5.556,26.0,13.568
15.499000000000024,0.85,5.556,26.0,13.584
15.52800000000002,0.85,5.556,26.0,13.601
15.55800000000005,0.85,5.556,26.0,13.618
15.588000000000022,0.85,5.556,26.0,13.635
15.617999999999995,0.85,5.556,26.0,13.652
15.647000000000048,0.85,5.556,26.0,13.669
15.677000000000021,0.85,5.556,26.0,13.686
15.706000000000017,0.85,5.556,26.0,13.703
15.736000000000047,0.85,5.556,26.0,13.721
15.76600000000002,0.85,5.556,26.0,13.739
15.795000000000016,0.85,5.556,26.0,13.756
15.825000000000045,0.85,5.556,26.0,13.774
15.854000000000042,0.85,5.556,26.0,13.792
15.883000000000038,0.85,5.556,27.0,13.81
15.912000000000035,0.85,5.556,30.0,13.828
15.941000000000031,0.85,5.556,30.0,13.846
15.971000000000004,0.85,5.556,30.0,13.865
16.0,0.85,5.556,30.0,13.883
16.028999999999996,0.85,5.556,30.0,13.901
16.05800000000005,0.85,5.556,30.0,13.92
16.087000000000046,0.85,5.556,30.0,13.939
16.116000000000042,0.85,5.556,30.0,13.956
16.14500000000004,0.85,5.556,30.0,13.975
16.173000000000002,0.85,5.556,30.0,13.994
16.201999999999998,0.85,5.556,30.0,14.013
16.230999999999995,0.85,5.556,30.0,14.032
16.259000000000015,0.85,5.556,30.0,14.051
16.28800000000001,0.85,5.556,30.0,14.07
16.317000000000007,0.85,5.556,30.0,14.09
16.345000000000027,0.85,5.556,30.0,14.11
16.373000000000047,0.85,5.556,30.0,14.129
16.402000000000044,0.85,5.556,30.0,14.149
16.430000000000007,0.85,5.556,30.0,14.168
16.458000000000027,0.85,5.556,30.0,14.188
16.485000000000014,0.85,5.556,30.0,14.207
16.513000000000034,0.85,5.556,30.0,14.227
16.540999999999997,0.85,5.556,30.0,14.247
16.569000000000017,0.85,5.556,30.0,14.267
16.597000000000037,0.85,5.556,30.0,14.288
16.625,0.85,5.556,30.0,14.306
16.652000000000044,0.85,5.556,30.0,14.327
16.67900000000003,0.85,5.556,27.0,14.347
16.706000000000017,0.85,5.556,26.0,14.368
16.733000000000004,0.85,5.556,26.0,14.389
16.761000000000024,0.85,5.556,26.0,14.41
16.787000000000035,0.85,5.556,26.0,14.43
16.81400000000002,0.85,5.556,26.0,14.451
16.840000000000032,0.85,5.556,26.0,14.472
16.86700000000002,0.85,5.556,26.0,14.493
16.89300000000003,0.85,5.556,26.0,14.514
16.920000000000016,0.85,5.556,26.0,14.536
16.946000000000026,0.85,5.556,26.0,14.557
16.972000000000037,0.85,5.556,26.0,14.579
16.998000000000047,0.85,5.556,26.0,14.6
17.024,0.85,5.556,26.0,14.622
17.049000000000035,0.85,5.556,26.0,14.643
17.075000000000045,0.85,5.556,26.0,14.665
17.100000000000023,0.85,5.556,26.0,14.686
17.125,0.85,5.556,26.0,14.708
17.150000000000034,0.85,5.556,26.0,14.73
17.17500000000001,0.85,5.556,26.0,14.75
17.199000000000012,0.85,5.556,26.0,14.771
17.223000000000013,0.85,5.556,26.0,14.793
17.248000000000047,0.85,5.556,26.0,14.815
17.272000000000048,0.85,5.556,26.0,14.836
17.29600000000005,0.85,5.556,26.0,14.858
17.319000000000017,0.85,5.556,26.0,14.88
17.343000000000018,0.85,5.556,26.0,14.903
17.366000000000042,0.85,5.556,26.0,14.924
17.390000000000043,0.85,5.556,26.0,14.945
17.412000000000035,0.85,5.556,26.0,14.967
17.435000000000002,0.85,5.556,26.0,14.989
17.45700000000005,0.85,5.556,26.0,15.012
17.480000000000018,0.85,5.556,26.0,15.034
17.50200000000001,0.85,5.556,26.0,15.056
17.524,0.85,5.556,26.0,15.078
17.545000000000016,0.85,5.556,26.0,15.1
17.567000000000007,0.85,5.556,26.0,15.122
17.588000000000022,0.85,5.556,26.0,15.145
17.609000000000037,0.85,5.556,26.0,15.167
17.629999999999995,0.85,5.556,26.0,15.189
17.65100000000001,0.85,5.556,26.0,15.213
17.672000000000025,0.85,5.556,26.0,15.235
17.692000000000007,0.85,5.556,26.0,15.257
17.712000000000046,0.85,5.556,26.0,15.28
17.730999999999995,0.85,5.556,26.0,15.302
17.751000000000033,0.85,5.556,26.0,15.325
17.77000000000004,0.85,5.556,26.0,15.347
17.78800000000001,0.85,5.556,26.0,15.37
17.807000000000016,0.85,5.556,26.0,15.392
17.825000000000045,0.85,5.556,26.0,15.415
17.843000000000018,0.85,5.556,26.0,15.438
17.861000000000047,0.85,5.556,26.0,15.46
17.878000000000043,0.85,5.556,26.0,15.483
17.89500000000004,0.85,5.556,26.0,15.505
17.912000000000035,0.85,5.556,26.0,15.527
17.927999999999997,0.85,5.556,26.0,15.55
17.944000000000017,0.85,5.556,26.0,15.572
17.960000000000036,0.85,5.556,26.0,15.594
17.975000000000023,0.85,5.556,26.0,15.616
17.99000000000001,0.85,5.556,26.0,15.639
18.0,0.85,5.556,26.0,15.661
18.0,0.85,5.556,26.0,15.683
18.0,0.85,5.556,26.0,15.705
18.0,0.85,5.556,26.0,15.727
18.0,0.85,5.556,26.0,15.749
18.0,0.85,5.556,26.0,15.77
18.0,0.85,5.556,26.0,15.792
18.0,0.85,5.556,26.0,15.814
18.0,0.85,5.556,26.0,15.835
18.0,0.85,5.556,26.0,15.857
18.0,0.85,5.556,26.0,15.878
18.0,0.85,5.556,26.0,15.899
18.0,0.85,5.556,26.0,15.92
18.0,0.85,5.556,26.0,15.941
18.0,0.85,5.556,26.0,15.963
18.0,0.85,5.556,26.0,15.984
18.0,0.85,5.556,26.0,16.004
18.0,0.85,5.556,26.0,16.025
18.0,0.85,5.556,26.0,16.046
18.0,0.85,5.556,26.0,16.067
18.0,0.85,5.556,26.0,16.088
18.0,0.85,5.556,26.0,16.108
18.0,0.85,5.556,26.0,16.128
18.0,0.85,5.556,26.0,16.149
18.0,0.85,5.556,26.0,16.168
18.0,0.85,5.556,26.0,16.188
18.0,0.85,5.556,26.0,16.207
18.0,0.85,5.556,26.0,16.226
18.0,0.85,5.556,26.0,16.247
18.0,0.85,5.556,26.0,16.266
18.0,0.85,5.556,26.0,16.286
18.0,0.85,5.556,26.0,16.306
18.0,0.85,5.556,26.0,16.325
18.0,0.85,5.556,26.0,16.345
18.0,0.85,5.556,26.0,16.364
17.887,0.85,5.556,26.0,17.12
15.322000000000003,0.85,4.167,26.0,17.718
12.426000000000045,0.11,25.0,26.0,16.131
11.346000000000004,0.11,25.0,26.0,15.18
-4.522999999999968,0.11,25.0,26.0,15.152
-0.5459999999999923,0.11,25.0,26.0,15.151
-0.5509999999999877,0.11,25.0,26.0,15.15
-0.6059999999999945,0.11,25.0,26.0,15.132
-0.7249999999999659,0.11,25.0,26.0,15.069
-0.8529999999999518,0.11,25.0,26.0,14.98
-0.978999999999985,0.11,25.0,26.0,14.881
-1.1029999999999518,0.11,25.0,26.0,14.778
-1.2279999999999518,0.11,25.0,26.0,14.671
-1.350999999999999,0.11,25.0,26.0,14.564
-5.162999999999954,0.11,25.0,26.0,14.453
-2.9009999999999536,0.72,25.0,26.0,14.333
-3.0,0.72,25.0,26.0,14.215
-3.0989999999999895,0.72,25.0,26.0,14.097
-3.1959999999999695,0.72,25.0,26.0,13.979
-3.2929999999999495,0.72,25.0,26.0,13.862
-3.387999999999977,0.72,25.0,26.0,13.746
-3.483000000000004,0.72,27.778,26.0,13.629
-3.5749999999999886,0.72,27.778,26.0,13.512
-3.6679999999999495,0.72,27.778,26.0,13.394
-3.759999999999991,0.72,27.778,26.0,13.273
-3.8489999999999895,0.72,27.778,26.0,13.155
-3.9399999999999977,0.72,27.778,26.0,13.039
-4.026999999999987,0.72,27.778,26.0,12.921
-4.114999999999952,0.72,27.778,26.0,12.807
-4.201999999999998,0.72,27.778,26.0,12.689
-4.287999999999954,0.72,27.778,26.0,12.573
-4.373999999999967,0.72,27.778,26.0,12.458
-4.456999999999994,0.72,27.778,26.0,12.346
-4.537999999999954,0.72,27.778,26.0,12.233
-4.6200000000000045,0.72,27.778,26.0,12.12
-4.701999999999998,0.72,27.778,26.0,12.006
-4.781999999999982,0.72,12.5,26.0,11.899
-4.8589999999999804,0.72,12.5,26.0,11.804
-4.935999999999979,0.72,12.5,26.0,11.717
