otemp,tempA
10.203000000000031,13.829
10.206000000000017,13.808
10.209000000000003,13.788
10.213000000000022,13.768
10.217000000000041,13.748
10.222000000000037,13.728
10.227000000000032,13.708
10.233000000000004,13.689
10.239000000000033,13.67
10.245000000000005,13.651
10.25200000000001,13.632
10.260000000000048,13.613
10.266999999999996,13.595
10.27600000000001,13.576
10.284000000000049,13.558
10.29400000000004,13.54
10.302999999999997,13.522
10.314000000000021,13.504
10.324000000000012,13.487
10.335000000000036,13.47
10.347000000000037,13.452
10.358000000000004,13.436
10.371000000000038,13.419
10.384000000000015,13.402
10.397000000000048,13.386
10.410000000000025,13.37
10.424000000000035,13.354
10.439000000000021,13.338
10.454000000000008,13.322
10.469000000000051,13.307
10.485000000000014,13.291
10.501000000000033,13.276
10.516999999999996,13.261
10.534000000000049,13.247
10.551000000000045,13.233
10.569000000000017,13.218
10.587000000000046,13.204
10.605999999999995,13.191
10.625,13.177
10.644000000000005,13.163
10.664000000000044,13.15
10.684000000000026,13.137
10.704000000000008,13.124
10.725000000000023,13.111
10.746000000000038,13.099
10.766999999999996,13.087
10.789000000000044,13.075
10.812000000000012,13.063
10.834000000000003,13.051
10.857000000000028,13.04
10.879999999999995,13.029
10.903999999999996,13.018
10.927999999999997,13.007
10.951999999999998,12.997
10.975999999999999,12.987
11.001000000000033,12.977
11.02600000000001,12.967
11.052000000000021,12.957
11.078000000000031,12.948
11.104000000000042,12.939
11.129999999999995,12.93
11.157000000000039,12.921
11.184000000000026,12.912
11.212000000000046,12.904
11.239000000000033,12.896
11.266999999999996,12.888
11.295000000000016,12.881
11.323000000000036,12.873
11.352000000000032,12.866
11.381000000000029,12.859
11.410000000000025,12.853
11.439999999999998,12.847
11.470000000000027,12.841
11.5,12.835
11.53000000000003,12.83
11.561000000000035,12.824
11.592000000000041,12.819
11.623000000000047,12.814
11.65500000000003,12.809
11.686000000000035,12.805
11.718000000000018,12.801
11.75,12.797
11.782000000000039,12.792
11.814999999999998,12.788
11.847000000000037,12.785
11.879999999999995,12.781
11.913000000000011,12.778
11.946000000000026,12.775
11.980000000000018,12.772
12.013000000000034,12.77
12.047000000000025,12.767
12.08200000000005,12.765
12.116000000000042,12.763
12.150000000000034,12.761
12.185000000000002,12.76
12.220000000000027,12.758
12.254999999999995,12.757
12.29000000000002,12.756
12.325000000000045,12.756
12.360000000000014,12.755
12.396000000000015,12.755
12.432000000000016,12.755
12.468000000000018,12.755
12.504000000000019,12.756
12.54000000000002,12.757
12.576999999999998,12.761
12.614000000000033,12.766
12.650000000000034,12.771
12.688000000000045,12.776
12.725000000000023,12.782
12.762,12.788
12.799000000000035,12.794
12.837000000000046,12.801
12.874000000000024,12.807
12.912000000000035,12.814
12.950000000000045,12.821
12.988,12.829
13.02600000000001,12.836
13.064000000000021,12.844
13.102000000000032,12.852
13.14100000000002,12.86
13.17900000000003,12.869
13.218000000000018,12.877
13.256000000000029,12.886
13.295000000000016,12.895
13.334000000000003,12.905
13.373000000000047,12.915
13.412000000000035,12.924
13.451000000000022,12.934
13.490000000000009,12.945
13.53000000000003,12.955
13.569000000000017,12.966
13.609000000000037,12.977
13.648000000000025,12.988
13.688000000000045,13.0
13.728000000000009,13.011
13.768000000000029,13.023
13.80800000000005,13.035
13.848000000000013,13.047
13.888000000000034,13.06
13.927000000000021,13.073
13.967000000000041,13.085
14.008000000000038,13.099
14.048000000000002,13.112
14.088000000000022,13.125
14.129000000000019,13.139
14.16900000000004,13.153
14.209000000000003,13.167
14.25,13.182
14.29000000000002,13.196
14.331000000000017,13.211
14.371000000000038,13.226
14.412000000000035,13.242
14.451999999999998,13.257
14.492999999999995,13.273
14.534000000000049,13.288
14.574000000000012,13.305
14.615000000000009,13.321
14.656000000000006,13.338
14.697000000000003,13.354
14.738,13.371
14.77800000000002,13.388
14.819000000000017,13.405
14.859000000000037,13.423
14.900000000000034,13.441
14.941000000000031,13.459
14.982000000000028,13.477
15.022000000000048,13.495
15.063000000000045,13.514
15.103000000000009,13.533
15.144000000000005,13.553
15.185000000000002,13.573
15.213999999999999,13.587
15.254000000000019,13.613
15.27800000000002,13.626
15.290999999999997,13.648
15.331000000000017,13.668
15.372000000000014,13.689
15.412000000000035,13.71
15.451999999999998,13.731
15.492000000000019,13.752
15.532000000000039,13.773
15.564000000000021,13.79
15.564000000000021,13.791
15.593000000000018,13.831
15.633000000000038,13.853
15.673000000000002,13.875
15.713000000000022,13.897
15.753000000000043,13.92
15.79200000000003,13.942
15.833000000000027,13.966
15.872000000000014,13.989
15.911000000000001,14.012
15.950000000000045,14.036
15.990000000000009,14.059
16.028999999999996,14.084
16.06800000000004,14.108
16.107000000000028,14.132
16.14500000000004,14.157
16.184000000000026,14.182
16.223000000000013,14.207
16.261000000000024,14.232
16.299000000000035,14.257
16.337000000000046,14.282
16.375,14.308
16.41300000000001,14.333
16.450000000000045,14.359
16.487000000000023,14.386
16.525000000000034,14.412
16.562000000000012,14.438
16.599000000000046,14.465
16.636000000000024,14.492
16.672000000000025,14.518
16.709000000000003,14.546
16.745000000000005,14.573
16.78000000000003,14.6
16.81600000000003,14.627
16.851,14.655
16.887,14.683
16.92100000000005,14.71
16.956000000000017,14.739
16.991000000000042,14.766
17.024,14.794
17.05800000000005,14.822
17.09200000000004,14.851
17.126000000000033,14.88
17.15900000000005,14.908
17.19100000000003,14.937
17.224000000000046,14.966
17.254999999999995,14.994
17.287000000000035,15.023
17.31800000000004,15.052
17.350000000000023,15.082
17.379999999999995,15.111
17.410000000000025,15.14
17.439999999999998,15.169
17.46900000000005,15.198
17.499000000000024,15.228
17.527000000000044,15.257
17.555000000000007,15.286
17.583000000000027,15.316
17.610000000000014,15.346
17.637,15.375
17.66300000000001,15.404
17.68900000000002,15.434
17.714,15.464
17.739000000000033,15.493
17.762,15.521
17.781000000000006,15.552
17.80000000000001,15.578
17.807000000000016,15.603
17.829000000000008,15.633
17.851,15.662
17.873000000000047,15.691
17.894000000000005,15.72
17.914000000000044,15.749
17.934000000000026,15.778
17.95300000000003,15.808
17.971000000000004,15.837
17.975000000000023,15.843
17.975000000000023,15.843
17.975000000000023,15.843
17.975000000000023,15.843
17.980999999999995,15.971
17.999000000000024,16.0
18.0,16.028
18.0,16.056
18.0,16.084
18.0,16.112
18.0,16.14
18.0,16.167
18.0,16.194
18.0,16.22
18.0,16.248
18.0,16.274
18.0,16.301
18.0,16.327
18.0,16.353
18.0,16.379
18.0,16.405
18.0,16.431
18.0,16.456
18.0,16.481
18.0,16.506
18.0,16.531
18.0,16.556
18.0,16.58
18.0,16.605
18.0,16.629
18.0,16.653
18.0,16.677
18.0,16.701
18.0,16.725
18.0,16.748
18.0,16.772
18.0,16.795
18.0,16.818
18.0,16.841
18.0,16.864
18.0,16.887
18.0,16.909
18.0,16.932
18.0,16.954
18.0,16.977
18.0,16.998
18.0,17.02
18.0,17.042
18.0,17.064
18.0,17.085
17.994000000000028,17.106
17.977000000000032,17.128
17.959000000000003,17.148
17.939999999999998,17.169
17.920000000000016,17.189
17.90100000000001,17.209
17.879999999999995,17.228
17.859000000000037,17.248
17.837000000000046,17.267
17.81400000000002,17.286
17.790999999999997,17.305
17.766999999999996,17.323
17.742999999999995,17.341
17.718000000000018,17.359
17.69300000000004,17.376
17.668000000000006,17.393
17.641999999999996,17.41
17.61500000000001,17.426
17.588000000000022,17.443
17.560000000000002,17.458
17.53200000000004,17.474
17.50400000000002,17.489
17.475000000000023,17.504
17.44500000000005,17.519
17.415999999999997,17.533
17.385000000000048,17.547
17.355000000000018,17.56
17.324000000000012,17.574
17.293000000000006,17.586
17.261000000000024,17.599
17.229000000000042,17.611
17.197000000000003,17.623
17.16500000000002,17.635
17.132000000000005,17.646
17.099000000000046,17.657
17.064999999999998,17.667
17.03200000000004,17.677
16.998000000000047,17.687
16.964,17.696
16.92900000000003,17.706
16.894000000000005,17.714
16.859000000000037,17.723
16.824000000000012,17.731
16.78800000000001,17.739
16.75200000000001,17.746
16.716000000000008,17.753
16.680000000000007,17.76
16.64300000000003,17.766
16.607000000000028,17.772
16.571000000000026,17.778
16.53400000000005,17.783
16.497000000000014,17.788
16.459000000000003,17.793
16.422000000000025,17.797
16.384000000000015,17.801
16.346000000000004,17.805
16.30800000000005,17.808
16.27000000000004,17.811
16.230999999999995,17.814
16.19300000000004,17.816
16.15500000000003,17.818
16.116000000000042,17.819
16.076999999999998,17.821
16.03800000000001,17.821
15.999000000000024,17.822
15.960000000000036,17.822
15.92100000000005,17.822
15.882000000000005,17.821
15.842000000000041,17.821
15.802999999999997,17.819
15.763000000000034,17.818
15.723000000000013,17.816
15.68300000000005,17.814
15.643000000000029,17.811
15.604000000000042,17.809
15.563000000000045,17.805
15.524000000000001,17.802
15.483000000000004,17.798
15.44300000000004,17.794
15.40300000000002,17.789
15.363,17.785
15.323000000000036,17.779
15.282000000000039,17.774
15.242000000000019,17.768
15.201000000000022,17.762
15.161000000000001,17.756
15.120000000000005,17.749
15.080000000000041,17.742
15.04000000000002,17.734
14.999000000000024,17.727
14.958000000000027,17.719
14.918000000000006,17.71
14.87700000000001,17.702
14.836000000000013,17.692
14.79600000000005,17.683
14.756000000000029,17.674
14.715000000000032,17.664
14.674000000000035,17.654
14.634000000000015,17.643
14.593000000000018,17.633
14.552000000000021,17.622
14.512,17.611
14.472000000000037,17.6
14.43100000000004,17.588
14.390000000000043,17.577
14.349000000000046,17.565
14.309000000000026,17.553
14.269000000000005,17.54
14.228000000000009,17.528
14.188000000000045,17.515
14.148000000000025,17.502
14.108000000000004,17.489
14.06800000000004,17.476
14.02800000000002,17.462
13.988,17.448
13.947000000000003,17.434
13.907000000000039,17.42
13.867000000000019,17.406
13.826999999999998,17.391
13.787000000000035,17.376
13.747000000000014,17.361
13.70700000000005,17.346
13.668000000000006,17.33
13.628000000000043,17.315
13.588999999999999,17.299
13.550000000000011,17.283
13.510000000000048,17.267
13.471000000000004,17.25
13.432000000000016,17.234
13.391999999999996,17.217
13.353000000000009,17.2
13.314000000000021,17.183
13.27600000000001,17.166
13.238,17.148
13.199000000000012,17.131
13.161000000000001,17.113
13.122000000000014,17.095
13.083000000000027,17.077
13.045000000000016,17.058
13.007000000000005,17.039
12.969000000000051,17.021
12.93100000000004,17.002
12.894000000000005,16.983
12.855999999999995,16.964
12.819000000000017,16.945
12.782000000000039,16.925
12.745000000000005,16.906
12.708000000000027,16.886
12.67100000000005,16.866
12.634000000000015,16.846
12.597000000000037,16.825
12.561000000000035,16.805
12.524000000000001,16.784
12.489000000000033,16.763
12.451999999999998,16.74
12.41700000000003,16.714
12.381000000000029,16.687
12.346000000000004,16.66
12.310000000000002,16.633
12.275000000000034,16.606
12.240000000000009,16.579
12.206000000000017,16.552
12.17100000000005,16.525
12.137,16.498
12.102000000000032,16.47
12.06800000000004,16.443
12.034000000000049,16.416
12.001000000000033,16.389
11.967000000000041,16.361
11.934000000000026,16.334
11.90100000000001,16.307
11.869000000000028,16.279
11.836000000000013,16.252
11.80400000000003,16.225
11.772000000000048,16.197
11.740000000000009,16.17
11.708000000000027,16.143
11.677000000000021,16.115
11.645000000000039,16.088
11.615000000000009,16.06
11.584000000000003,16.033
11.552999999999997,16.006
11.523000000000025,15.978
11.492999999999995,15.95
11.463000000000022,15.923
11.434000000000026,15.896
11.40500000000003,15.868
11.376000000000033,15.841
11.347000000000037,15.814
11.319000000000017,15.787
11.290999999999997,15.759
